count,index,impulsemeasures,parameters,calculated,measures,key
26,183,"[u'5.2661', u'1155', u'-11.561', u'0.40611', u'4077.8']","[u'0.089955', u'0.9', u'-0.0095833', u'8073', u'14.431']","[u'5.7628', u'340', u'-14.793', u'0.46248', u'8250.3']","[u'0.53279', u'4003.1', u'-14.803', u'0.4651', u'7822']",4511934011408384
26,191,"[u'0.07119', u'1760', u'-5.6164', u'0.028267', u'6485.9']","[u'0.026916', u'0.01', u'0.0091667', u'15203', u'227.6']","[u'0.057417', u'790', u'-1.91', u'0.019939', u'9873.1']","[u'5.7945', u'788.52', u'-1.8792', u'0.030217', u'9200']",4520137398943744
26,157,"[u'3.7345', u'935', u'-11.177', u'0.29174', u'5299.1']","[u'0.051995', u'0.93', u'-0.0095833', u'22050', u'0.95312']","[u'3.095', u'880', u'5.1368', u'0.37703', u'10307']","[u'4.5354', u'9718.3', u'5.1181', u'0.37987', u'10362']",4528598484516864
26,179,"[u'1.5207', u'1885', u'0.092191', u'0.29884', u'20.854']","[u'0.019977', u'0.96', u'0.01075', u'58', u'84.964']","[u'2.0213', u'1190', u'-13.817', u'0.2526', u'244.07']","[u'6.3873', u'1564.8', u'-13.813', u'0.26474', u'239.35']",4532635753775104
26,185,"[u'3.3639', u'12610', u'-74.376', u'0.34088', u'1714.1']","[u'0.011859', u'0.98', u'0.0041667', u'788', u'1.0922']","[u'1.386', u'2420', u'9.5132', u'0.2978', u'1988.6']","[u'7.5122', u'4285.5', u'9.5537', u'0.30684', u'1945.7']",4545159878410240
26,204,"[u'1.9377', u'8575', u'-7.2353', u'0.22111', u'687.28']","[u'0.022971', u'0.94', u'0.0086667', u'1014', u'44.823']","[u'2.329', u'1070', u'-18.793', u'0.1942', u'2395.1']","[u'2.1393', u'1301.9', u'-18.79', u'0.20514', u'2339.5']",4561747042107392
26,196,"[u'0.038469', u'2475', u'-71.587', u'0.0080009', u'7813.8']","[u'0.0099546', u'0.01', u'-0.0035', u'1164', u'1068.2']","[u'0.022625', u'4080', u'-5.545', u'0.0074457', u'2646.4']","[u'1.1386', u'2607.4', u'-6.0314', u'0.011595', u'2583.7']",4565191605878784
26,184,"[u'1.4944', u'3145', u'-11.465', u'0.11358', u'4668.7']","[u'0.020839', u'0.91', u'-0.0088333', u'22050', u'7.3046']","[u'1.403', u'2620', u'-11.36', u'0.11876', u'10307']","[u'2.645', u'9776.9', u'-11.354', u'0.12106', u'10261']",4577767270121472
26,192,"[u'3.687', u'3185', u'-1.3111', u'0.5159', u'273.19']","[u'0.075896', u'0.92', u'-0.0095833', u'362', u'46.626']","[u'4.8732', u'390', u'-13.301', u'0.48612', u'1093.8']","[u'3.3385', u'2941.4', u'-13.297', u'0.48731', u'1073.9']",4586795291377664
27,203,"[u'3.242', u'3940', u'-10.434', u'0.24495', u'3671.8']","[u'0.017846', u'0.97', u'-0.00875', u'22050', u'0.3674']","[u'1.988', u'3120', u'9.4723', u'0.29869', u'10307']","[u'2.3169', u'8436', u'9.4762', u'0.30176', u'9626.4']",4594045196173312
27,180,"[u'4.5473', u'1220', u'-9.4668', u'0.36159', u'4434.4']","[u'0.079977', u'0.9', u'-0.00925', u'8784', u'0.81511']","[u'3.0022', u'280', u'9.8996', u'0.41245', u'8512.6']","[u'1.1392', u'3859.9', u'9.9004', u'0.41347', u'8052.8']",4605684557545472
27,201,"[u'0.34621', u'7850', u'-42.972', u'0.033613', u'5370.6']","[u'0.0099546', u'0.79', u'-0.0023333', u'9711', u'29.554']","[u'0.31179', u'3800', u'-17.524', u'0.024985', u'8809.9']","[u'6.5946', u'6464.1', u'-17.595', u'0.030033', u'8311.8']",4610374661832704
26,193,"[u'5.2796', u'2450', u'-11.198', u'0.3937', u'3517.9']","[u'0.044875', u'0.95', u'-0.0075833', u'7051', u'0.78066']","[u'3.3204', u'760', u'7.6463', u'0.45564', u'7812.1']","[u'2.0896', u'8423.7', u'7.6514', u'0.45788', u'7431.6']",4625132169461760
26,205,"[u'3.9245', u'320', u'-10.516', u'0.3142', u'6952.2']","[u'0.098934', u'0.85', u'-0.01', u'22050', u'2.2738']","[u'3.1682', u'240', u'1.4033', u'0.34543', u'10307']","[u'7.4521', u'1262.5', u'1.3964', u'0.34725', u'9725.5']",4626961825529856
26,212,"[u'2.5118', u'1895', u'0.6741', u'0.46923', u'43.752']","[u'0.032948', u'0.96', u'-0.0060833', u'82', u'7.5282']","[u'1.6774', u'1300', u'5.7244', u'0.41722', u'326.36']","[u'2.525', u'5144.9', u'5.734', u'0.41907', u'321.1']",4643394370404352
26,64,"[u'2.8022', u'565', u'-11.248', u'0.24555', u'6193.4']","[u'0.074989', u'0.86', u'-0.0035', u'22050', u'23.144']","[u'3.7469', u'320', u'-19.12', u'0.28001', u'10307']","[u'5.2587', u'538.67', u'-19.125', u'0.28429', u'10524']",4648136014299136
26,72,"[u'1.4632', u'1315', u'-7.8038', u'0.14747', u'4527.3']","[u'0.080975', u'0.7', u'-0.00875', u'9098', u'48.526']","[u'1.82', u'390', u'-19.455', u'0.14947', u'8618.6']","[u'0.96271', u'1455.9', u'-19.457', u'0.15109', u'8145.4']",4657164035555328
26,83,"[u'4.9716', u'2720', u'-10.907', u'0.44877', u'1935.5']","[u'0.055941', u'0.94', u'-0.00925', u'3078', u'19.629']","[u'5.838', u'760', u'-16.351', u'0.47472', u'5066.3']","[u'0.55922', u'2591.8', u'-16.338', u'0.4758', u'4896.4']",4664413940350976
26,61,"[u'4.1925', u'1930', u'-12.711', u'0.31109', u'4043.7']","[u'0.032948', u'0.96', u'-0.00425', u'22050', u'1.7288']","[u'3.9842', u'1150', u'-2.6766', u'0.41627', u'10307']","[u'0.62617', u'2374.2', u'-2.6671', u'0.41907', u'10917']",4676053301723136
27,81,"[u'0.47673', u'7580', u'2.7401', u'0.086803', u'181.62']","[u'0.021927', u'0.82', u'-0.006', u'294', u'85.508']","[u'0.63442', u'2050', u'-13.478', u'0.06486', u'927.52']","[u'0.7127', u'4438.2', u'-13.472', u'0.06778', u'910.56']",4680743406010368
26,73,"[u'4.2548', u'1265', u'-12.435', u'0.33262', u'3618.4']","[u'0.043832', u'0.95', u'-0.0065', u'22050', u'4.5977']","[u'5.0485', u'890', u'-10.144', u'0.44418', u'10307']","[u'5.3727', u'9980.7', u'-10.134', u'0.44765', u'10895']",4695500913639424
26,85,"[u'4.6217', u'3195', u'-11.568', u'0.35077', u'3853.7']","[u'0.018798', u'0.98', u'-0.006', u'22050', u'0.29462']","[u'2.9165', u'2210', u'9.6241', u'0.46449', u'10307']","[u'3.574', u'7146.2', u'9.574', u'0.47653', u'9907.2']",4697330569707520
28,92,"[u'5.098', u'1610', u'-9.9003', u'0.44134', u'2290']","[u'0.080975', u'0.91', u'-0.01025', u'3685', u'19.302']","[u'5.6333', u'440', u'-14.977', u'0.46249', u'5633.8']","[u'0.77097', u'8963.4', u'-14.978', u'0.4637', u'5430.4']",4713763114582016
27,65,"[u'0.37221', u'8575', u'-61.028', u'0.033494', u'4498.1']","[u'0.012948', u'0.77', u'-0.0095833', u'5143', u'2.1052']","[u'0.22462', u'4190', u'7.9616', u'0.030278', u'6746.4']","[u'1.8774', u'9479.4', u'8.0124', u'0.031401', u'6463.6']",4721081738854400
26,84,"[u'0.81783', u'2720', u'-7.1751', u'0.0865', u'4281.8']","[u'0.044875', u'0.7', u'0', u'8480', u'3.9381']","[u'0.69042', u'590', u'2.5597', u'0.082957', u'8404.4']","[u'7.9416', u'876.96', u'2.5663', u'0.088798', u'7957.9']",4737668902551552
27,76,"[u'2.9186', u'9770', u'-6.5267', u'0.3895', u'254.72']","[u'0.018798', u'0.97', u'0.0035', u'394', u'34.908']","[u'3.1263', u'1620', u'-15.664', u'0.31096', u'1169.1']","[u'7.7388', u'1780.1', u'-15.715', u'0.32457', u'1148.2']",4741113466322944
26,38,"[u'1.195', u'2805', u'3.3506', u'0.20411', u'247.52']","[u'0.076893', u'0.79', u'-0.00375', u'326', u'9.5462']","[u'1.1963', u'300', u'6.0152', u'0.19603', u'1006.9']","[u'7.1818', u'567.96', u'6.0104', u'0.20043', u'989.35']",4757296903094272
29,60,"[u'1.4954', u'5045', u'-34.789', u'0.11044', u'4156.7']","[u'0.011859', u'0.95', u'-0.0048333', u'22050', u'13.064']","[u'1.6095', u'3830', u'-19.246', u'0.12027', u'10307']","[u'7.058', u'7347.7', u'-19.204', u'0.12417', u'10845']",4761334172352512
26,71,"[u'2.5525', u'7725', u'-4.1933', u'0.36501', u'200']","[u'0.024875', u'0.96', u'-0.0070833', u'308', u'49.285']","[u'3.2035', u'2020', u'-16.358', u'0.31465', u'962.51']","[u'7.657', u'8700.9', u'-16.333', u'0.31728', u'945.45']",4775224096587776
26,63,"[u'0.1165', u'8355', u'-71.549', u'0.010023', u'7771.7']","[u'0.010862', u'0.55', u'-0.00775', u'657', u'89.014']","[u'0.11954', u'4870', u'-11.013', u'0.01431', u'1734.5']","[u'6.2736', u'9611.7', u'-10.958', u'0.016398', u'1698.2']",4780214848585728
26,5,"[u'4.9779', u'2385', u'-10.445', u'0.40744', u'3392.2']","[u'0.048821', u'0.95', u'-0.0075', u'6988', u'0.60716']","[u'3.3757', u'840', u'9.8584', u'0.49543', u'7782.4']","[u'0.69432', u'3067.6', u'9.8649', u'0.49886', u'7404.9']",4788873502654464
26,243,"[u'0.81048', u'7020', u'1.4755', u'0.13322', u'70.433']","[u'0.017846', u'0.91', u'-0.0070833', u'156', u'35.923']","[u'0.79954', u'2880', u'-6.8066', u'0.10211', u'555.72']","[u'7.623', u'6118.6', u'-6.8025', u'0.10513', u'548.16']",4793408988119040
27,13,"[u'5.1133', u'2125', u'-15.464', u'0.33289', u'4499.2']","[u'0.027914', u'0.97', u'-0.00525', u'22050', u'10.747']","[u'6.1467', u'1200', u'-19.828', u'0.46494', u'10307']","[u'7.946', u'3381.2', u'-19.846', u'0.47148', u'9519.4']",4797901523910656
26,251,"[u'2.5481', u'3135', u'0.33922', u'0.38284', u'261.74']","[u'0.076893', u'0.89', u'-0.010083', u'344', u'67.769']","[u'3.7382', u'480', u'-14.744', u'0.36116', u'1050.6']","[u'1.2925', u'3362', u'-14.749', u'0.36278', u'1033.1']",4801612375654400
26,24,"[u'5.6444', u'590', u'-10.121', u'0.39374', u'5903.8']","[u'0.065964', u'0.93', u'-0.0095833', u'22050', u'0.60278']","[u'3.5404', u'610', u'9.0907', u'0.48132', u'10307']","[u'6.2813', u'6201.4', u'9.0979', u'0.48194', u'10959']",4805151428706304
26,217,"[u'0.95955', u'3465', u'-2.1835', u'0.131', u'1089.7']","[u'0.057982', u'0.74', u'-0.01125', u'1494', u'4.8788']","[u'0.85358', u'910', u'6.5672', u'0.12162', u'3157.2']","[u'6.6156', u'9111.2', u'6.5669', u'0.1219', u'3075.9']",4810073461227520
28,239,"[u'0.55009', u'5260', u'-8.4069', u'0.057048', u'4757.8']","[u'0.021927', u'0.76', u'-0.00425', u'9379', u'3.148']","[u'0.42296', u'1860', u'2.7543', u'0.049526', u'8708.8']","[u'7.7681', u'3128.9', u'2.761', u'0.053209', u'8224']",4814110730485760
26,1,"[u'0.43302', u'1415', u'-8.8608', u'0.047035', u'7852.5']","[u'0.026916', u'0.65', u'-0.00058333', u'22050', u'25.895']","[u'0.47504', u'1210', u'-14.481', u'0.043497', u'10307']","[u'0.80116', u'1560.6', u'-14.474', u'0.048931', u'10699']",4816790790078464
27,22,"[u'0.85875', u'7995', u'-0.88912', u'0.11285', u'433.67']","[u'0.027914', u'0.85', u'-0.0018333', u'590', u'101.01']","[u'1.1184', u'1160', u'-18.921', u'0.097049', u'1598.2']","[u'7.77', u'2015.5', u'-18.942', u'0.10258', u'1567.2']",4821480894365696
26,245,"[u'4.2047', u'8465', u'-9.1262', u'0.43952', u'671.83']","[u'0.023832', u'0.97', u'-0.00925', u'995', u'2.1156']","[u'2.5025', u'2340', u'4.6544', u'0.3956', u'2362.3']","[u'3.4521', u'9759.8', u'4.6222', u'0.40225', u'2308.4']",4826634855120896
27,14,"[u'0.26855', u'5420', u'4.916', u'0.060379', u'331.59']","[u'0.040839', u'0.53', u'0.002', u'440', u'12.676']","[u'0.27129', u'590', u'8.1363', u'0.051577', u'1274.5']","[u'6.8497', u'880.24', u'8.1218', u'0.058525', u'1251.3']",4836238401994752
27,26,"[u'0.16686', u'5890', u'4.371', u'0.040495', u'429.43']","[u'0.03195', u'0.39', u'0.0065', u'571', u'96.359']","[u'0.22104', u'730', u'-7.6181', u'0.03317', u'1558.7']","[u'0.82757', u'933.91', u'-7.6171', u'0.042165', u'1527.6']",4838068058062848
26,18,"[u'0.077676', u'1455', u'-5.8761', u'0.021504', u'7456.1']","[u'0.018798', u'0.05', u'0.00575', u'22050', u'291.55']","[u'0.059875', u'1460', u'-14.667', u'0.014589', u'10307']","[u'0.82335', u'1689.4', u'-14.93', u'0.023419', u'10081']",4854500602937344
26,244,"[u'2.2242', u'1210', u'-9.7493', u'0.18822', u'6024.5']","[u'0.051995', u'0.88', u'-0.0070833', u'22050', u'1.011']","[u'1.7845', u'720', u'7.2859', u'0.22372', u'10307']","[u'2.644', u'2003.3', u'7.2663', u'0.227', u'10773']",4859242246832128
27,6,"[u'0.055862', u'2635', u'9.2531', u'0.031303', u'184.92']","[u'0.029955', u'0.01', u'0.0086667', u'310', u'354.01']","[u'0.044083', u'780', u'9.1703', u'0.022331', u'967.47']","[u'7.4587', u'885.99', u'9.292', u'0.032525', u'951.79']",4861819227209728
26,252,"[u'1.5319', u'2120', u'-7.496', u'0.14612', u'3659.6']","[u'0.055941', u'0.8', u'-0.0083333', u'6800', u'1.9091']","[u'1.1603', u'620', u'7.0095', u'0.14937', u'7691.9']","[u'7.9269', u'2408', u'7.0243', u'0.15108', u'7323.5']",4868270268088320
26,25,"[u'0.78456', u'7070', u'1.8695', u'0.12006', u'217.61']","[u'0.027914', u'0.85', u'-0.01', u'328', u'87.873']","[u'1.0013', u'2090', u'-15.165', u'0.097115', u'1011.8']","[u'7.1207', u'9778.2', u'-15.185', u'0.098642', u'994.22']",4878406390906880
26,17,"[u'5.2222', u'1050', u'-9.4628', u'0.39557', u'4632.7']","[u'0.080975', u'0.91', u'-0.011333', u'10800', u'0.74377']","[u'3.3749', u'500', u'9.6059', u'0.46247', u'9104.6']","[u'7.4389', u'9586.1', u'9.6049', u'0.46314', u'8565']",4881850954678272
26,240,"[u'2.3053', u'990', u'-9.5723', u'0.20185', u'5559.5']","[u'0.091995', u'0.78', u'-0.010833', u'12426', u'35.894']","[u'2.9113', u'330', u'-19.62', u'0.22481', u'9455.9']","[u'7.2207', u'2890.2', u'-19.619', u'0.22518', u'8861.1']",4887159534256128
26,0,"[u'2.836', u'1640', u'-7.8101', u'0.26882', u'2760.2']","[u'0.072948', u'0.87', u'-0.010833', u'4731', u'1.5153']","[u'2.2036', u'580', u'7.9897', u'0.29255', u'6463']","[u'7.5284', u'7671', u'7.996', u'0.29283', u'6202.1']",4902071660707840
27,253,"[u'4.3161', u'4750', u'-13.239', u'0.37067', u'2348.7']","[u'0.03195', u'0.96', u'-0.0083333', u'4223', u'18.406']","[u'5.185', u'1530', u'-18.939', u'0.40363', u'6081.5']","[u'0.66201', u'4984', u'-18.938', u'0.4053', u'5848.4']",4906607146172416
26,12,"[u'0.33164', u'1825', u'5.6527', u'0.067039', u'22.081']","[u'0.018798', u'0.83', u'-0.00875', u'61', u'205.9']","[u'0.50004', u'3090', u'-14.537', u'0.058914', u'254.66']","[u'2.0327', u'9553.7', u'-14.595', u'0.061437', u'252.37']",4915961584943104
26,4,"[u'0.95541', u'7160', u'0.76472', u'0.16415', u'150.47']","[u'0.025601', u'0.9', u'-0.0095833', u'243', u'120.77']","[u'1.4335', u'2020', u'-18.754', u'0.13185', u'796.33']","[u'7.9808', u'9918.3', u'-18.737', u'0.13501', u'783.48']",4920952336941056
26,124,"[u'0.80471', u'5810', u'1.8724', u'0.13037', u'287.83']","[u'0.039887', u'0.8', u'-0.0105', u'384', u'96.376']","[u'1.0838', u'1370', u'-15.086', u'0.10669', u'1145.7']","[u'1.1776', u'7821.2', u'-15.068', u'0.10748', u'1124.5']",4929610991009792
26,132,"[u'1.7974', u'1560', u'-8.2238', u'0.17323', u'4558.1']","[u'0.064875', u'0.82', u'-0.0063333', u'10061', u'1.5191']","[u'1.5143', u'430', u'7.1968', u'0.19103', u'8910.6']","[u'7.4824', u'1052.3', u'7.2018', u'0.19418', u'8398.6']",4938639012265984
29,143,"[u'0.29353', u'7000', u'-50.989', u'0.0296', u'5885']","[u'0.012948', u'0.73', u'-0.0075', u'11126', u'5.5628']","[u'0.24467', u'4350', u'-1.9419', u'0.026178', u'9182.9']","[u'1.3527', u'9136.9', u'-1.889', u'0.028345', u'8631.6']",4945888917061632
26,120,"[u'0.54872', u'6610', u'-1.4407', u'0.078394', u'874.38']","[u'0.029955', u'0.76', u'-0.01', u'1197', u'4.2414']","[u'0.44754', u'1760', u'8.2051', u'0.067479', u'2700']","[u'6.4817', u'8508.3', u'8.2313', u'0.068423', u'2635.5']",4957528278433792
27,141,"[u'2.3217', u'3770', u'-0.57333', u'0.42945', u'60.204']","[u'0.028957', u'0.96', u'-0.0020833', u'113', u'99.587']","[u'3.51', u'1190', u'-18.076', u'0.36481', u'426.12']","[u'3.774', u'2115.3', u'-18.089', u'0.37076', u'420.18']",4962218382721024
27,133,"[u'0.69099', u'7705', u'-53.322', u'0.056636', u'4759.8']","[u'0.012948', u'0.88', u'-0.0080833', u'10706', u'6.0394']","[u'0.60904', u'4200', u'-7.1665', u'0.055823', u'9081.3']","[u'1.4672', u'9966.2', u'-7.1207', u'0.057686', u'8545']",4976975890350080
27,145,"[u'3.2799', u'2075', u'-11.882', u'0.25763', u'4800.4']","[u'0.024875', u'0.96', u'0.00041667', u'22050', u'0.58289']","[u'2.3545', u'1330', u'6.7508', u'0.31444', u'10307']","[u'1.9176', u'2281.1', u'6.7763', u'0.32066', u'10946']",4978805546418176
27,152,"[u'5.1227', u'2530', u'-13.648', u'0.38865', u'3998.7']","[u'0.048821', u'0.95', u'-0.0088333', u'11049', u'12.043']","[u'6.405', u'940', u'-17.445', u'0.49542', u'9164.8']","[u'1.6811', u'5981.9', u'-17.439', u'0.4982', u'8616.1']",4995238091292672
26,125,"[u'5.1831', u'320', u'-12.126', u'0.37569', u'6301.7']","[u'0.091995', u'0.9', u'-0.010833', u'22050', u'15.559']","[u'6.2108', u'330', u'-17.402', u'0.47443', u'10307']","[u'5.9524', u'2774.4', u'-17.4', u'0.47464', u'9793.6']",5002556715565056
26,144,"[u'3.3537', u'3615', u'-12.205', u'0.28849', u'2579.2']","[u'0.037846', u'0.94', u'0.00275', u'4798', u'21.729']","[u'4.2', u'690', u'-18.996', u'0.32049', u'6510.6']","[u'7.5571', u'1109', u'-18.994', u'0.32875', u'6246.3']",5019143879262208
26,136,"[u'0.50273', u'1400', u'-7.3661', u'0.056002', u'6838.1']","[u'0.033991', u'0.64', u'0.0075', u'22050', u'2.7517']","[u'0.41071', u'670', u'5.2113', u'0.053535', u'10307']","[u'3.7705', u'857.96', u'5.2127', u'0.063077', u'9539.4']",5022588443033600
26,97,"[u'2.9243', u'3250', u'-3.5149', u'0.38194', u'558.81']","[u'0.069909', u'0.9', u'-0.0115', u'749', u'79.607']","[u'4.3583', u'650', u'-19.994', u'0.36028', u'1914.5']","[u'5.903', u'9284.5', u'-20', u'0.36097', u'1874.5']",5038771879804928
27,119,"[u'3.31', u'2795', u'-2.682', u'0.4918', u'418.95']","[u'0.081927', u'0.91', u'-0.010833', u'558', u'73.132']","[u'5.4108', u'470', u'-18.514', u'0.46852', u'1531.4']","[u'2.5163', u'3587.9', u'-18.509', u'0.46844', u'1500.9']",5042809149063168
26,131,"[u'2.4928', u'3250', u'1.7669', u'0.43301', u'125.5']","[u'0.062971', u'0.92', u'-0.010833', u'175', u'83.637']","[u'3.9363', u'750', u'-15.217', u'0.40379', u'610.44']","[u'5.8007', u'8670.6', u'-15.217', u'0.40405', u'602.3']",5056699073298432
27,123,"[u'1.0173', u'4025', u'-8.4364', u'0.084807', u'5966']","[u'0.028957', u'0.84', u'-0.00525', u'18800', u'1.0311']","[u'0.72904', u'1450', u'8.743', u'0.094868', u'10181']","[u'6.9945', u'2874.3', u'8.7287', u'0.098415', u'9427.2']",5061689825296384
26,213,"[u'4.814', u'5360', u'-14.553', u'0.37755', u'2451']","[u'0.025601', u'0.97', u'-0.0045833', u'4815', u'11.708']","[u'5.2482', u'1610', u'-16.843', u'0.4284', u'6522.6']","[u'2.3101', u'9379.6', u'-16.827', u'0.43848', u'6257']",5074883964829696
26,221,"[u'0.062823', u'4135', u'2.9035', u'0.019991', u'758.28']","[u'0.015896', u'0.13', u'0.00725', u'1017', u'101.29']","[u'0.055042', u'1700', u'-2.0917', u'0.013116', u'2400.3']","[u'1.7509', u'1939.8', u'-2.047', u'0.02257', u'2345.9']",5083087352365056
28,187,"[u'4.0373', u'6780', u'-6.6383', u'0.51533', u'456.11']","[u'0.036893', u'0.96', u'-0.01', u'634', u'13.282']","[u'4.1757', u'1200', u'-8.0701', u'0.46389', u'1688.2']","[u'6.0728', u'9031', u'-8.0754', u'0.4678', u'1654']",5091548437938176
27,209,"[u'2.3478', u'2510', u'2.6909', u'0.39447', u'163.15']","[u'0.089955', u'0.88', u'-0.01125', u'216', u'16.643']","[u'2.685', u'390', u'-0.078898', u'0.38837', u'724.2']","[u'7.6517', u'3493.7', u'-0.089605', u'0.38985', u'712.58']",5095585707196416
26,215,"[u'3.7758', u'1490', u'-9.6077', u'0.30963', u'4035.3']","[u'0.06737', u'0.91', u'-0.0010833', u'8880', u'0.96251']","[u'2.9473', u'330', u'7.903', u'0.38481', u'8545.6']","[u'5.375', u'610.37', u'7.903', u'0.39293', u'8081.7']",5108109831831552
27,234,"[u'1.728', u'1475', u'-11.17', u'0.14103', u'5549.5']","[u'0.037846', u'0.88', u'-0.01', u'22050', u'10.314']","[u'1.989', u'1470', u'-12.909', u'0.16348', u'10307']","[u'1.462', u'7703.6', u'-12.907', u'0.16492', u'10910']",5124696995528704
26,226,"[u'3.975', u'2735', u'-9.1197', u'0.37961', u'2153.8']","[u'0.054943', u'0.93', u'-0.00925', u'3462', u'1.2769']","[u'2.8848', u'780', u'7.644', u'0.40069', u'5433.6']","[u'0.51053', u'3191.9', u'7.6469', u'0.40198', u'5242.4']",5128141559300096
27,214,"[u'0.61384', u'7180', u'-2.1504', u'0.078739', u'813.06']","[u'0.024875', u'0.8', u'-0.0055833', u'1141', u'4.5098']","[u'0.45854', u'1810', u'6.783', u'0.066473', u'2608.7']","[u'7.0145', u'3337.6', u'6.8125', u'0.069574', u'2547.3']",5140717223542784
26,222,"[u'4.2157', u'2585', u'-6.6738', u'0.47661', u'1095']","[u'0.0739', u'0.92', u'-0.010583', u'1569', u'2.7254']","[u'3.4722', u'530', u'5.0184', u'0.47389', u'3266.2']","[u'1.2062', u'3652.9', u'5.0267', u'0.47403', u'3180']",5149745244798976
26,233,"[u'0.076485', u'5950', u'-72.076', u'0.0089432', u'7197.1']","[u'0.011859', u'0.3', u'-0.00083333', u'1178', u'13.441']","[u'0.051083', u'2910', u'8.5013', u'0.011202', u'2669.2']","[u'3.3058', u'4381.6', u'8.5918', u'0.016694', u'2605.4']",5156995149594624
27,210,"[u'0.74717', u'4755', u'-43.63', u'0.059014', u'5569.5']","[u'0.012948', u'0.89', u'-0.005', u'22050', u'16.839']","[u'0.79904', u'3670', u'-17.654', u'0.060703', u'10307']","[u'2.6267', u'7496.1', u'-17.609', u'0.064037', u'9507.5']",5168634510966784
26,231,"[u'0.632', u'6495', u'2.0548', u'0.10379', u'320.49']","[u'0.034989', u'0.79', u'-0.0085', u'434', u'6.2107']","[u'0.51429', u'1430', u'8.5149', u'0.089076', u'1260.9']","[u'5.7901', u'4101.2', u'8.5025', u'0.090832', u'1237.9']",5173324615254016
26,223,"[u'3.311', u'2250', u'-6.7477', u'0.36999', u'1267.5']","[u'0.077846', u'0.89', u'-0.00875', u'1819', u'38.617']","[u'4.455', u'390', u'-17.073', u'0.36634', u'3613.4']","[u'6.9608', u'1323.6', u'-17.057', u'0.36865', u'3513.7']",5188082122883072
26,235,"[u'3.8639', u'2390', u'-0.19271', u'0.49692', u'269.38']","[u'0.093855', u'0.9', u'-0.0095833', u'354', u'49.057']","[u'4.7894', u'270', u'-12.542', u'0.48372', u'1074.7']","[u'6.117', u'4639.4', u'-12.545', u'0.48586', u'1056.7']",5189911778951168
26,242,"[u'4.3601', u'4055', u'-5.3872', u'0.5237', u'500.12']","[u'0.057982', u'0.94', u'-0.0088333', u'695', u'14.755']","[u'4.536', u'700', u'-7.5043', u'0.49152', u'1809.8']","[u'2.0183', u'2475', u'-7.5045', u'0.4931', u'1773']",5206344323825664
26,94,"[u'3.0285', u'1680', u'-10.377', u'0.22233', u'4981.9']","[u'0.033991', u'0.94', u'-0.0095833', u'22050', u'0.66177']","[u'2.1854', u'1700', u'7.5546', u'0.28785', u'10307']","[u'7.3993', u'7236.5', u'7.5558', u'0.28924', u'11014']",5211085967720448
26,102,"[u'6.509', u'10685', u'-64.273', u'0.49546', u'2347.7']","[u'0.0099546', u'0.99', u'-0.00425', u'4126', u'0.35291']","[u'2.5784', u'4200', u'9.3622', u'0.48691', u'6004.2']","[u'2.4422', u'8220.6', u'9.3025', u'0.49967', u'5776.3']",5220113988976640
26,113,"[u'4.3141', u'1760', u'-9.0568', u'0.45212', u'1826.2']","[u'0.084785', u'0.91', u'-0.01', u'2916', u'32.499']","[u'6.1875', u'390', u'-18.539', u'0.48352', u'4902.1']","[u'7.8505', u'4788.4', u'-18.546', u'0.4844', u'4741.1']",5227363893772288
28,90,"[u'0.42276', u'6885', u'4.3703', u'0.066893', u'260.95']","[u'0.028957', u'0.71', u'0.00475', u'373', u'12.815']","[u'0.34504', u'920', u'4.9139', u'0.055153', u'1119.9']","[u'4.1325', u'1136.8', u'4.8977', u'0.063451', u'1098.6']",5239003255144448
27,111,"[u'2.4786', u'4700', u'-0.052006', u'0.40142', u'115.11']","[u'0.041882', u'0.94', u'-0.00525', u'168', u'96.22']","[u'3.5913', u'890', u'-17.629', u'0.3549', u'590.44']","[u'6.0579', u'1822', u'-17.63', u'0.35824', u'581.43']",5243693359431680
26,103,"[u'0.72501', u'6170', u'-2.5648', u'0.1003', u'853.58']","[u'0.032948', u'0.8', u'0.0044167', u'1191', u'43.874']","[u'0.94942', u'680', u'-13.144', u'0.08805', u'2690.3']","[u'7.6186', u'1040.2', u'-13.133', u'0.095942', u'2626']",5258450867060736
26,115,"[u'0.46417', u'6250', u'-44.695', u'0.041792', u'5590.6']","[u'0.012948', u'0.83', u'-0.0073333', u'18463', u'19.239']","[u'0.50404', u'4350', u'-16.385', u'0.040098', u'10161']","[u'5.2677', u'9335.2', u'-16.337', u'0.042278', u'9413.8']",5260280523128832
26,122,"[u'2.2753', u'1290', u'5.4351', u'0.47627', u'70.54']","[u'0.087914', u'0.9', u'-0.01125', u'95', u'147.01']","[u'4.3249', u'420', u'-16.376', u'0.45474', u'368.97']","[u'2.3889', u'5283.4', u'-16.367', u'0.4546', u'364.83']",5276713068003328
27,95,"[u'0.89967', u'3205', u'0.74782', u'0.13815', u'570.32']","[u'0.070771', u'0.7', u'-0.00925', u'763', u'88.467']","[u'1.32', u'520', u'-14.763', u'0.13063', u'1941.3']","[u'0.62388', u'1866.6', u'-14.755', u'0.13248', u'1899.3']",5284031692275712
26,114,"[u'0.077109', u'3165', u'-0.57217', u'0.030924', u'1728.5']","[u'0.029955', u'0.03', u'0.009', u'2464', u'232.88']","[u'0.070542', u'780', u'-3.2184', u'0.022715', u'4411.4']","[u'0.97791', u'707.63', u'-3.1156', u'0.033058', u'4276.3']",5300618855972864
26,106,"[u'0.62426', u'9005', u'-3.8338', u'0.082851', u'839.27']","[u'0.020839', u'0.84', u'-0.0088333', u'1204', u'64.139']","[u'0.81262', u'2620', u'-17.738', u'0.068496', u'2711.3']","[u'3.7278', u'9860.7', u'-17.732', u'0.070444', u'2646']",5304063419744256
26,67,"[u'0.33798', u'3815', u'-29.688', u'0.029906', u'7264.3']","[u'0.014989', u'0.73', u'0.0011667', u'22050', u'2.5762']","[u'0.25433', u'2290', u'3.7217', u'0.030467', u'10307']","[u'7.7274', u'2866', u'3.7558', u'0.036731', u'9684.5']",5320246856515584
26,89,"[u'4.9705', u'1765', u'-14.81', u'0.34327', u'5577.6']","[u'0.034989', u'0.96', u'-0.003', u'22050', u'3.98']","[u'4.9308', u'950', u'-9.8991', u'0.44008', u'10307']","[u'7.547', u'2833.3', u'-9.9097', u'0.44567', u'10829']",5324284125773824
26,101,"[u'4.9378', u'630', u'-11.853', u'0.3684', u'5525.2']","[u'0.082971', u'0.9', u'-0.00875', u'22050', u'15.844']","[u'5.6228', u'330', u'-17.549', u'0.42695', u'10307']","[u'3.4368', u'1356.9', u'-17.558', u'0.42983', u'10158']",5338174050009088
27,93,"[u'0.48449', u'4945', u'-7.5988', u'0.051846', u'4068']","[u'0.023832', u'0.71', u'-0.00175', u'7766', u'42.149']","[u'0.53837', u'1390', u'-17.939', u'0.044965', u'8126.8']","[u'1.0642', u'2277.6', u'-17.98', u'0.050498', u'7712.3']",5343164802007040
27,35,"[u'0.53761', u'2365', u'-8.3787', u'0.056753', u'5390.4']","[u'0.025601', u'0.74', u'-0.0080833', u'22050', u'37.453']","[u'0.67517', u'1890', u'-19.758', u'0.053534', u'10307']","[u'7.0101', u'6952.6', u'-19.739', u'0.056236', u'10414']",5351823456075776
30,43,"[u'4.6962', u'1860', u'-7.1509', u'0.47952', u'1649.4']","[u'0.085692', u'0.91', u'-0.010833', u'2459', u'1.3882']","[u'3.2732', u'380', u'9.5465', u'0.48984', u'4405.7']","[u'5.395', u'9785.9', u'9.5533', u'0.49099', u'4270.8']",5360851477331968
26,54,"[u'0.074501', u'4740', u'-60.876', u'0.013942', u'5576.1']","[u'0.010862', u'0.23', u'-0.00875', u'4700', u'184.91']","[u'0.065375', u'5030', u'-17.945', u'0.0095791', u'6440.7']","[u'7.7985', u'8072.1', u'-17.856', u'0.011203', u'6181.6']",5368101382127616
26,247,"[u'0.98036', u'2445', u'-8.1558', u'0.10095', u'4184.4']","[u'0.047914', u'0.74', u'-0.010833', u'7647', u'19.254']","[u'1.1205', u'1160', u'-11.856', u'0.10052', u'8077.1']","[u'0.90112', u'9027.3', u'-11.843', u'0.10119', u'7668.2']",5373023414648832
27,31,"[u'0.17407', u'4660', u'-2.1963', u'0.03373', u'2132.9']","[u'0.026916', u'0.35', u'-0.00058333', u'3072', u'7.5791']","[u'0.13954', u'1210', u'8.2083', u'0.026618', u'5060.3']","[u'7.7019', u'1563.4', u'8.2176', u'0.032102', u'4891']",5379740743499776
26,52,"[u'4.214', u'4935', u'-7.8734', u'0.46285', u'750.58']","[u'0.043832', u'0.95', u'-0.0095833', u'1074', u'37.543']","[u'5.2763', u'1190', u'-18.362', u'0.44423', u'2497.3']","[u'2.2975', u'9827.5', u'-18.351', u'0.44618', u'2438.4']",5384430847787008
26,44,"[u'3.9599', u'3810', u'-8.1066', u'0.42266', u'1323.7']","[u'0.049955', u'0.94', u'-0.00083333', u'2002', u'1.4383']","[u'2.8105', u'540', u'8.1645', u'0.42351', u'3853.1']","[u'1.4264', u'880.94', u'8.1657', u'0.42883', u'3743']",5399188355416064
26,56,"[u'4.9385', u'5460', u'-13.051', u'0.35474', u'3481.1']","[u'0.018798', u'0.98', u'0.01', u'13112', u'0.52858']","[u'3.3625', u'1140', u'5.2182', u'0.46457', u'9577.8']","[u'6.2078', u'9945.5', u'5.1682', u'0.48447', u'8961.9']",5401018011484160
26,48,"[u'3.3166', u'2435', u'-0.58136', u'0.47886', u'286.5']","[u'0.089955', u'0.9', u'-0.0095833', u'378', u'84.038']","[u'5.1002', u'340', u'-17.495', u'0.46267', u'1131.7']","[u'7.6377', u'5725.1', u'-17.505', u'0.46528', u'1111.3']",5417450556358656
26,36,"[u'0.50273', u'8585', u'1.1955', u'0.081284', u'317.86']","[u'0.021927', u'0.81', u'-0.01025', u'458', u'17.582']","[u'0.48004', u'2760', u'-1.3568', u'0.061562', u'1314.9']","[u'1.0914', u'9745.9', u'-1.3504', u'0.062197', u'1290.6']",5424769180631040
26,55,"[u'1.0376', u'1290', u'-9.6684', u'0.095023', u'6170.5']","[u'0.038753', u'0.8', u'-0.0060833', u'22050', u'26.409']","[u'1.3133', u'1010', u'-18.277', u'0.10298', u'10307']","[u'1.9181', u'2222.7', u'-18.301', u'0.10652', u'10652']",5441356344328192
26,47,"[u'2.6885', u'3735', u'-1.5898', u'0.4494', u'48.868']","[u'0.022971', u'0.97', u'-0.0095833', u'99', u'5.0726']","[u'1.403', u'2590', u'7.0333', u'0.38502', u'381.84']","[u'6.1275', u'9198', u'7.0362', u'0.38752', u'377.18']",5444800908099584
27,8,"[u'5.7358', u'1925', u'-13.5', u'0.3813', u'5124.5']","[u'0.055941', u'0.94', u'-0.0055', u'15145', u'14.98']","[u'6.3782', u'580', u'-19.15', u'0.47473', u'9866.3']","[u'0.94803', u'1663.2', u'-19.137', u'0.47771', u'9194.6']",5460984344870912
28,30,"[u'3.4749', u'3165', u'-4.3487', u'0.47829', u'541.92']","[u'0.071859', u'0.92', u'-0.0105', u'734', u'61.464']","[u'5.453', u'570', u'-18.772', u'0.46084', u'1885.7']","[u'7.6614', u'7291', u'-18.762', u'0.46144', u'1845.8']",5465021614129152
26,42,"[u'0.099694', u'2475', u'-5.2746', u'0.025625', u'6374.4']","[u'0.022971', u'0.12', u'0.0035', u'21191', u'193.7']","[u'0.099542', u'1240', u'-17.362', u'0.018644', u'10285']","[u'6.403', u'1399.9', u'-17.351', u'0.026353', u'9483.1']",5478911538364416
27,34,"[u'4.32', u'2860', u'-3.9153', u'0.5086', u'587.72']","[u'0.076893', u'0.92', u'-0.01025', u'790', u'2.4607']","[u'2.9242', u'480', u'8.8758', u'0.4914', u'1992.4']","[u'2.061', u'7829.9', u'8.8715', u'0.49325', u'1948.7']",5483902290362368
26,154,"[u'1.1157', u'4120', u'1.426', u'0.16267', u'380.36']","[u'0.059705', u'0.79', u'-0.0098333', u'511', u'6.4079']","[u'0.92854', u'730', u'7.5214', u'0.15244', u'1431.2']","[u'0.928', u'3961.4', u'7.5225', u'0.15405', u'1402.9']",5492560944431104
27,162,"[u'3.6591', u'5080', u'-5.0894', u'0.44692', u'433.48']","[u'0.050862', u'0.94', u'-0.010083', u'615', u'37.931']","[u'4.664', u'960', u'-15.18', u'0.43204', u'1649.6']","[u'0.8827', u'4556.6', u'-15.176', u'0.43288', u'1616.7']",5501588965687296
27,173,"[u'0.36724', u'5740', u'-4.8112', u'0.04524', u'2501.9']","[u'0.024875', u'0.62', u'0.0091667', u'3759', u'72.529']","[u'0.40942', u'940', u'-18.081', u'0.037466', u'5698.3']","[u'2.7307', u'1055.1', u'-18.045', u'0.047946', u'5490.6']",5508838870482944
26,150,"[u'1.9789', u'405', u'-9.3456', u'0.1788', u'7384.5']","[u'0.095941', u'0.72', u'-0.0095833', u'22050', u'10.098']","[u'1.9175', u'270', u'-7.8731', u'0.18848', u'10307']","[u'1.1212', u'915.75', u'-7.8704', u'0.18934', u'10596']",5520478231855104
26,171,"[u'4.6577', u'770', u'-9.966', u'0.3551', u'5312']","[u'0.059705', u'0.93', u'-0.0105', u'22050', u'0.62581']","[u'3.2385', u'770', u'8.7713', u'0.43538', u'10307']","[u'3.1262', u'6233.5', u'8.7722', u'0.43787', u'10534']",5525168336142336
26,163,"[u'0.5416', u'1040', u'7.9903', u'0.12759', u'24.15']","[u'0.037846', u'0.83', u'-0.00875', u'58', u'59.892']","[u'0.75629', u'1330', u'-3.6518', u'0.11878', u'244.07']","[u'7.8215', u'4405.9', u'-3.65', u'0.12068', u'241.8']",5539925843771392
26,175,"[u'1.1151', u'4550', u'-8.6934', u'0.10937', u'3129.1']","[u'0.03195', u'0.84', u'-0.01025', u'5402', u'6.3978']","[u'1.0519', u'1820', u'-3.9113', u'0.10511', u'6913.7']","[u'7.8793', u'9980', u'-3.9108', u'0.10587', u'6616.9']",5541755499839488
26,182,"[u'0.5608', u'3800', u'4.7769', u'0.11797', u'54.632']","[u'0.025601', u'0.86', u'-0.0035', u'116', u'13.97']","[u'0.5115', u'1560', u'4.9167', u'0.095952', u'435.46']","[u'5.7929', u'2630.8', u'4.9339', u'0.10154', u'428.47']",5558188044713984
27,155,"[u'3.1306', u'4475', u'-2.0766', u'0.42404', u'310.59']","[u'0.053991', u'0.93', u'-0.011', u'419', u'5.1049']","[u'2.4558', u'970', u'4.6292', u'0.39442', u'1226.8']","[u'3.9177', u'9640.9', u'4.6392', u'0.39431', u'1204.1']",5565506668986368
27,174,"[u'3.7945', u'900', u'-12.034', u'0.29739', u'4911.6']","[u'0.056757', u'0.92', u'-0.0048333', u'22050', u'5.4814']","[u'4.148', u'550', u'-9.4323', u'0.3633', u'10307']","[u'1.2457', u'1270.6', u'-9.4346', u'0.36721', u'10487']",5582093832683520
26,166,"[u'4.666', u'2595', u'-13.042', u'0.34624', u'3593.4']","[u'0.046916', u'0.94', u'-0.010083', u'7229', u'19.177']","[u'5.317', u'1100', u'-19.394', u'0.39827', u'7894.1']","[u'1.0835', u'7894', u'-19.386', u'0.39907', u'7505.1']",5585538396454912
26,127,"[u'3.4951', u'2835', u'-4.8637', u'0.43128', u'701.89']","[u'0.072948', u'0.91', u'-0.0115', u'967', u'7.8933']","[u'3.5', u'610', u'-1.5581', u'0.41696', u'2313.5']","[u'1.0181', u'9545.4', u'-1.552', u'0.4168', u'2261.6']",5601721833226240
26,149,"[u'4.662', u'6095', u'-10.755', u'0.45293', u'1545.7']","[u'0.026916', u'0.97', u'-0.0075833', u'2465', u'0.82313']","[u'2.7435', u'1890', u'8.939', u'0.45226', u'4412.5']","[u'6.4814', u'8517.7', u'8.9437', u'0.45343', u'4277']",5605759102484480
27,161,"[u'0.057324', u'1405', u'-39.93', u'0.014227', u'7563.2']","[u'0.010862', u'0.06', u'0.00125', u'22050', u'31.358']","[u'0.029917', u'2960', u'3.0683', u'0.0085119', u'10307']","[u'6.4655', u'2880.1', u'3.212', u'0.015016', u'9561.1']",5619649026719744
27,153,"[u'0.51121', u'3135', u'-8.0283', u'0.056625', u'5660.5']","[u'0.030998', u'0.69', u'-0.01', u'16286', u'33.467']","[u'0.65017', u'1780', u'-17.299', u'0.055637', u'9988.8']","[u'2.7574', u'8595', u'-17.293', u'0.056312', u'9289.4']",5624639778717696
27,198,"[u'1.8834', u'2800', u'2.313', u'0.31477', u'213.34']","[u'0.077846', u'0.86', u'-0.01125', u'284', u'29.042']","[u'2.3888', u'540', u'-5.3266', u'0.291', u'902.28']","[u'1.8776', u'9931.2', u'-5.3107', u'0.29184', u'886.44']",5637833918251008
26,206,"[u'0.12024', u'8405', u'-73.667', u'0.014888', u'5534.7']","[u'0.010862', u'0.52', u'-0.00775', u'1901', u'13.421']","[u'0.09375', u'4870', u'1.463', u'0.013511', u'3722.2']","[u'5.0993', u'9659.5', u'1.5193', u'0.015563', u'3618.5']",5646037305786368
26,172,"[u'1.4481', u'9425', u'-3.1888', u'0.21273', u'230.85']","[u'0.019977', u'0.94', u'-0.0070833', u'354', u'45.919']","[u'1.71', u'2520', u'-14.445', u'0.16878', u'1074.7']","[u'7.7942', u'6985.6', u'-14.44', u'0.17185', u'1055.2']",5654498391359488
26,194,"[u'0.060499', u'2620', u'-1.9488', u'0.019996', u'2359.8']","[u'0.016848', u'0.01', u'0.00475', u'3478', u'2051.5']","[u'0.043625', u'1500', u'-16.376', u'0.01228', u'5448.3']","[u'3.7795', u'975.85', u'-16.324', u'0.020829', u'5256.4']",5658535660617728
26,200,"[u'0.31006', u'8080', u'2.4671', u'0.060489', u'373.24']","[u'0.023832', u'0.71', u'-0.00225', u'520', u'13.143']","[u'0.30554', u'1500', u'3.2777', u'0.045102', u'1450.6']","[u'6.0195', u'2214.7', u'3.2367', u'0.050341', u'1422.4']",5671059785252864
26,219,"[u'0.19083', u'8375', u'1.6051', u'0.032559', u'641.86']","[u'0.015896', u'0.61', u'-0.0010833', u'872', u'7.9036']","[u'0.13904', u'2120', u'7.5887', u'0.023482', u'2144']","[u'4.9815', u'3317.6', u'7.6049', u'0.028863', u'2097.2']",5687646948950016
27,211,"[u'4.2535', u'685', u'-11.598', u'0.33706', u'4405.2']","[u'0.06737', u'0.92', u'-0.00725', u'22050', u'7.1579']","[u'5.1421', u'500', u'-11.752', u'0.43143', u'10307']","[u'3.6094', u'1807.8', u'-11.752', u'0.43682', u'10988']",5691091512721408
27,199,"[u'3.1776', u'710', u'-11.004', u'0.2687', u'4811.8']","[u'0.064875', u'0.9', u'0.00041667', u'22050', u'4.5535']","[u'3.6275', u'330', u'-6.7323', u'0.33456', u'10307']","[u'6.571', u'513.99', u'-6.7275', u'0.34124', u'10559']",5703667176964096
26,207,"[u'1.0616', u'3645', u'-2.5943', u'0.14116', u'1009.8']","[u'0.055941', u'0.77', u'0.0014167', u'1381', u'16.031']","[u'1.192', u'410', u'-4.2098', u'0.13138', u'2988.2']","[u'7.7689', u'632.17', u'-4.1947', u'0.13789', u'2912.4']",5712695198220288
27,218,"[u'0.85838', u'3090', u'-9.998', u'0.0755', u'5014.9']","[u'0.018798', u'0.87', u'-0.0083333', u'22050', u'3.12']","[u'0.73329', u'2840', u'-2.053', u'0.074265', u'10307']","[u'1.1464', u'7339.9', u'-2.1081', u'0.077398', u'10440']",5719945103015936
27,195,"[u'3.5802', u'1150', u'-11.846', u'0.27626', u'4155.7']","[u'0.043832', u'0.94', u'-0.010583', u'22050', u'2.8133']","[u'3.8464', u'1180', u'-5.0253', u'0.37135', u'10307']","[u'7.0152', u'9140.9', u'-5.0145', u'0.37266', u'10500']",5731584464388096
26,216,"[u'5.1084', u'6245', u'-15.852', u'0.35096', u'3224.1']","[u'0.017846', u'0.98', u'-0.0065', u'12460', u'9.1194']","[u'5.7213', u'2860', u'-19.465', u'0.44656', u'9462.3']","[u'4.8822', u'7649.4', u'-19.461', u'0.45137', u'8866.4']",5736274568675328
27,208,"[u'2.9763', u'4010', u'-13.271', u'0.22828', u'4029.9']","[u'0.03195', u'0.94', u'-0.0095833', u'9231', u'15.132']","[u'3.553', u'1740', u'-18.088', u'0.27086', u'8661.8']","[u'1.8413', u'9574.5', u'-18.088', u'0.27196', u'8183.1']",5751032076304384
27,220,"[u'4.316', u'355', u'-12.237', u'0.32643', u'6811.9']","[u'0.081927', u'0.9', u'-0.01125', u'22050', u'3.7288']","[u'4.4427', u'500', u'-4.997', u'0.42296', u'10307']","[u'6.3964', u'8506.5', u'-4.9921', u'0.42272', u'10912']",5752861732372480
26,227,"[u'0.91328', u'3635', u'-10.089', u'0.08211', u'5613.3']","[u'0.028957', u'0.83', u'-0.0005', u'15548', u'10.528']","[u'1.035', u'1120', u'-10.857', u'0.08963', u'9912.4']","[u'1.1222', u'1652.9', u'-10.872', u'0.095498', u'9230.7']",5769294277246976
28,79,"[u'5.6095', u'1840', u'-14.333', u'0.38733', u'4430.8']","[u'0.036893', u'0.96', u'-0.0080833', u'22050', u'9.5261']","[u'5.9719', u'1300', u'-17.485', u'0.46378', u'10307']","[u'5.9896', u'4443.7', u'-17.49', u'0.46861', u'11020']",5774035921141760
29,87,"[u'3.5538', u'8160', u'-5.5962', u'0.44279', u'231.78']","[u'0.022971', u'0.97', u'-0.0075', u'352', u'3.5568']","[u'2.0779', u'1790', u'4.6091', u'0.38445', u'1069.9']","[u'6.9171', u'8847.9', u'4.612', u'0.38794', u'1050.6']",5783063942397952
26,98,"[u'2.7593', u'8495', u'-6.8542', u'0.3268', u'556.96']","[u'0.022971', u'0.96', u'-0.003', u'817', u'1.7292']","[u'1.5984', u'1700', u'8.532', u'0.28924', u'2042.9']","[u'7.982', u'2923.1', u'8.535', u'0.29484', u'1998.3']",5790313847193600
27,75,"[u'2.3345', u'5275', u'-6.7838', u'0.24973', u'1313.5']","[u'0.036893', u'0.92', u'0.00575', u'1894', u'1.4226']","[u'1.5017', u'620', u'9.8756', u'0.23511', u'3713']","[u'1.094', u'991.5', u'9.8701', u'0.24535', u'3609']",5801953208565760
26,96,"[u'6.6303', u'7650', u'-47.643', u'0.45076', u'4062.4']","[u'0.0099546', u'0.99', u'-0.0035', u'13964', u'0.34699']","[u'3.1677', u'4080', u'5.6916', u'0.48691', u'9710.9']","[u'1.8768', u'7698', u'5.6318', u'0.49997', u'9070.5']",5806643312852992
26,88,"[u'3.3623', u'1310', u'-8.4329', u'0.33315', u'2539.8']","[u'0.095941', u'0.85', u'-0.00725', u'3951', u'38.326']","[u'4.3204', u'210', u'-18.604', u'0.33589', u'5861.1']","[u'0.97434', u'523.87', u'-18.601', u'0.33763', u'5643.4']",5821400820482048
26,100,"[u'0.52828', u'6475', u'-4.8186', u'0.060532', u'1744.6']","[u'0.023832', u'0.74', u'0.0035', u'2592', u'50.468']","[u'0.56404', u'1200', u'-16.026', u'0.049624', u'4555.5']","[u'7.6106', u'1481.6', u'-16.066', u'0.05785', u'4412.6']",5823230476550144
26,107,"[u'4.585', u'8090', u'-8.9638', u'0.52263', u'581.73']","[u'0.027914', u'0.97', u'0.009', u'833', u'5.1507']","[u'3.6', u'850', u'-2.3201', u'0.46509', u'2072.5']","[u'6.9186', u'1241.2', u'-2.3382', u'0.47872', u'2027.6']",5839663021424640
26,80,"[u'1.0173', u'2070', u'-8.5689', u'0.086851', u'5548']","[u'0.028957', u'0.84', u'-0.0095833', u'22050', u'1.3505']","[u'0.77629', u'1920', u'6.2853', u'0.094844', u'10307']","[u'2.3365', u'8536.7', u'6.2709', u'0.096247', u'10762']",5846981645697024
26,99,"[u'1.4915', u'365', u'-7.8448', u'0.14024', u'7105.2']","[u'0.076893', u'0.73', u'-0.01125', u'22050', u'1.5538']","[u'1.1804', u'550', u'8.1523', u'0.15561', u'10307']","[u'1.0984', u'6851', u'8.1472', u'0.15617', u'10536']",5863568809394176
26,91,"[u'1.1208', u'3755', u'-7.2589', u'0.11683', u'2925.8']","[u'0.038753', u'0.82', u'-0.0105', u'4948', u'2.2233']","[u'0.89783', u'1500', u'6.2749', u'0.11359', u'6615']","[u'7.6071', u'9850.5', u'6.2521', u'0.11511', u'6342.4']",5867013373165568
27,53,"[u'2.4746', u'5505', u'-6.3476', u'0.29676', u'908.85']","[u'0.037846', u'0.93', u'0.0035', u'1313', u'1.6055']","[u'1.675', u'670', u'9.7436', u'0.27568', u'2883.7']","[u'1.2079', u'932.51', u'9.7452', u'0.28417', u'2811.6']",5883196809936896
28,74,"[u'0.039263', u'1955', u'-70.867', u'0.0057124', u'8973.8']","[u'0.010862', u'0.01', u'0.0049167', u'475', u'2723.2']","[u'0.029375', u'2570', u'-10.478', u'0.0082637', u'1352.6']","[u'3.8715', u'705.2', u'-10.281', u'0.016512', u'1326.6']",5887234079195136
26,86,"[u'0.43279', u'10305', u'0.66079', u'0.069711', u'281.84']","[u'0.014989', u'0.84', u'-0.0070833', u'456', u'82.703']","[u'0.52792', u'3320', u'-15.77', u'0.0495', u'1310.4']","[u'2.6318', u'8766.1', u'-15.739', u'0.051599', u'1285.1']",5901124003430400
26,78,"[u'0.03839', u'2100', u'-65.004', u'0.0066713', u'8674.6']","[u'0.0099546', u'0.01', u'-0.0020833', u'643', u'339.89']","[u'0.0185', u'3800', u'6.9672', u'0.0075075', u'1706.4']","[u'6.9276', u'4494.2', u'6.4808', u'0.012308', u'1672.4']",5906114755428352
26,20,"[u'4.6685', u'425', u'-10.2', u'0.38313', u'5970.5']","[u'0.074989', u'0.92', u'-0.0115', u'22050', u'0.63948']","[u'3.5471', u'590', u'9.2311', u'0.48008', u'10307']","[u'3.9075', u'9827.7', u'9.2267', u'0.48029', u'9637.5']",5914773409497088
26,28,"[u'1.388', u'5855', u'-47.069', u'0.1044', u'4179.7']","[u'0.010862', u'0.95', u'-0.0080833', u'22050', u'9.7163']","[u'1.411', u'4740', u'-16.669', u'0.1101', u'10307']","[u'7.2795', u'9180.6', u'-16.633', u'0.1122', u'10762']",5923801430753280
26,39,"[u'4.3807', u'1355', u'-11.522', u'0.36177', u'4090.4']","[u'0.0739', u'0.92', u'-0.01025', u'16926', u'15.185']","[u'6.2827', u'520', u'-18.056', u'0.47385', u'10047']","[u'1.0002', u'2832', u'-18.048', u'0.47414', u'9333.2']",5931051335548928
26,232,"[u'4.824', u'405', u'-13.159', u'0.38145', u'6060.8']","[u'0.074989', u'0.92', u'-0.011083', u'22050', u'9.7421']","[u'5.9959', u'560', u'-14.425', u'0.48008', u'10307']","[u'3.9097', u'8186.9', u'-14.43', u'0.48045', u'9630.2']",5935973368070144
27,254,"[u'1.1512', u'3545', u'-9.6416', u'0.097738', u'5848']","[u'0.03195', u'0.84', u'-0.01', u'16021', u'2.018']","[u'0.92442', u'1250', u'3.0965', u'0.1051', u'9962.6']","[u'2.8282', u'9706.7', u'3.0971', u'0.10599', u'9269.4']",5940010637328384
26,16,"[u'0.23934', u'10455', u'-72.26', u'0.019639', u'6683']","[u'0.010862', u'0.78', u'-0.0080833', u'492', u'16.297']","[u'0.19921', u'4740', u'-0.18665', u'0.026713', u'1389.9']","[u'0.96456', u'9970.9', u'-0.14434', u'0.028595', u'1364']",5942690696921088
26,37,"[u'5.0278', u'3415', u'-16.403', u'0.34398', u'4084.7']","[u'0.018798', u'0.98', u'0.00625', u'22050', u'8.8168']","[u'6.0175', u'1410', u'-19.897', u'0.46455', u'10307']","[u'6.4391', u'2573.9', u'-19.947', u'0.48264', u'9781.1']",5947380801208320
26,29,"[u'2.8113', u'2385', u'2.9572', u'0.48294', u'138.59']","[u'0.091995', u'0.9', u'-0.0105', u'180', u'8.4677']","[u'2.5725', u'330', u'5.6485', u'0.47486', u'624.61']","[u'1.5462', u'3076.7', u'5.6497', u'0.47519', u'615.55']",5962138308837376
26,41,"[u'4.9386', u'5075', u'-12.047', u'0.35572', u'3415.9']","[u'0.018798', u'0.98', u'-0.0085', u'12314', u'0.35048']","[u'2.9718', u'2730', u'8.921', u'0.46448', u'9434.6']","[u'4.7513', u'9768', u'8.8709', u'0.4752', u'8843.4']",5963967964905472
27,33,"[u'0.30917', u'2480', u'-6.3475', u'0.048375', u'5833.8']","[u'0.040839', u'0.4', u'0.0094167', u'12829', u'38.425']","[u'0.35267', u'510', u'-11.882', u'0.042643', u'9529.2']","[u'7.8441', u'571.67', u'-11.899', u'0.053439', u'8921.8']",5980400509779968
26,21,"[u'4.9921', u'3995', u'-9.6349', u'0.50646', u'1168.9']","[u'0.048821', u'0.95', u'-0.0065', u'1702', u'26.148']","[u'5.9442', u'700', u'-17.194', u'0.49547', u'3453.9']","[u'0.78618', u'2324.2', u'-17.188', u'0.49943', u'3360.6']",5987719134052352
27,40,"[u'0.46333', u'5950', u'5.1792', u'0.092227', u'119.92']","[u'0.029955', u'0.78', u'-0.010083', u'207', u'63.709']","[u'0.61487', u'2050', u'-8.2544', u'0.073398', u'699.68']","[u'1.3798', u'9725.6', u'-8.2287', u'0.074257', u'687.33']",6004306297749504
26,32,"[u'4.5551', u'2430', u'-15.451', u'0.33815', u'4116.5']","[u'0.024875', u'0.97', u'-0.0080833', u'22050', u'4.7131']","[u'4.8592', u'2070', u'-12.712', u'0.41783', u'10307']","[u'0.83007', u'9976', u'-12.687', u'0.41977', u'9658']",6007750861520896
26,255,"[u'1.7753', u'2090', u'-4.4553', u'0.20785', u'1494.4']","[u'0.085692', u'0.77', u'-0.010833', u'2111', u'79.126']","[u'2.4546', u'380', u'-19.881', u'0.20121', u'3990.6']","[u'7.7175', u'3321.9', u'-19.873', u'0.20207', u'3875']",6013059441098752
26,15,"[u'5.4045', u'360', u'-12.39', u'0.38524', u'6188.8']","[u'0.085692', u'0.91', u'-0.01125', u'22050', u'13.816']","[u'6.3867', u'450', u'-16.897', u'0.48981', u'10307']","[u'1.0635', u'8580.8', u'-16.89', u'0.49076', u'9829.4']",6027971567550464
26,27,"[u'4.5521', u'3850', u'-12.76', u'0.34783', u'3958.9']","[u'0.026916', u'0.97', u'0.002', u'11752', u'0.67748']","[u'3.432', u'1040', u'5.0672', u'0.45229', u'9321.7']","[u'0.50264', u'1710.7', u'5.0719', u'0.45825', u'8748.9']",6041861491785728
26,19,"[u'0.44176', u'655', u'10.514', u'0.12417', u'25.643']","[u'0.052902', u'0.75', u'-0.005', u'54', u'258.65']","[u'0.95292', u'630', u'-13.808', u'0.11654', u'229.8']","[u'7.4141', u'1166.4', u'-13.778', u'0.11992', u'226.89']",6046852243783680
26,139,"[u'3.3131', u'2760', u'-3.3236', u'0.41077', u'614.82']","[u'0.075896', u'0.9', u'-0.01125', u'825', u'3.2061']","[u'2.5032', u'570', u'7.4777', u'0.39141', u'2057.7']","[u'4.1849', u'9766.8', u'7.4816', u'0.39174', u'2012.8']",6055510897852416
27,147,"[u'4.6962', u'1870', u'-8.3397', u'0.48321', u'1527.3']","[u'0.085692', u'0.91', u'-0.0080833', u'2273', u'31.857']","[u'6.0827', u'330', u'-17.338', u'0.48986', u'4188.1']","[u'4.5879', u'1120.4', u'-17.331', u'0.49249', u'4063.3']",6064538919108608
27,158,"[u'0.33136', u'3170', u'-29.465', u'0.028763', u'8588.1']","[u'0.013991', u'0.69', u'0.0011667', u'22050', u'12.817']","[u'0.25788', u'2430', u'-9.2292', u'0.024842', u'10307']","[u'0.88437', u'2982.3', u'-9.2477', u'0.031386', u'9539.8']",6071788823904256
26,135,"[u'4.2833', u'1850', u'-7.9838', u'0.43898', u'1686']","[u'0.086916', u'0.9', u'-0.011333', u'2519', u'5.1962']","[u'4.0714', u'430', u'-1.4861', u'0.44759', u'4473.8']","[u'0.93578', u'9884.2', u'-1.4913', u'0.44886', u'4335.2']",6083428185276416
26,156,"[u'2.3481', u'2835', u'2.2782', u'0.37889', u'176.79']","[u'0.083923', u'0.88', u'-0.0070833', u'233', u'27.221']","[u'2.8846', u'320', u'-4.6961', u'0.36387', u'769.85']","[u'1.7084', u'825.94', u'-4.6918', u'0.3664', u'758.19']",6088118289563648
26,148,"[u'1.3019', u'3500', u'-32.841', u'0.089711', u'6391.2']","[u'0.013991', u'0.92', u'-0.00425', u'22050', u'16.199']","[u'1.1854', u'2910', u'-18.832', u'0.088302', u'10307']","[u'5.7464', u'5760.8', u'-18.847', u'0.092736', u'10966']",6102875797192704
26,160,"[u'4.4368', u'6780', u'-10.243', u'0.4457', u'1209.4']","[u'0.025601', u'0.97', u'-0.0045833', u'1894', u'1.0177']","[u'2.5887', u'1610', u'8.1994', u'0.42842', u'3713']","[u'6.2211', u'8812.8', u'8.2151', u'0.43853', u'3609.7']",6104705453260800
27,167,"[u'2.153', u'3625', u'-12.753', u'0.16532', u'5258.9']","[u'0.026916', u'0.93', u'-0.0098333', u'15289', u'3.2662']","[u'2.05', u'1940', u'-5.1966', u'0.1964', u'9883.1']","[u'7.7374', u'9977.8', u'-5.1917', u'0.19695', u'9207.8']",6121137998135296
26,140,"[u'0.19711', u'3410', u'-3.7965', u'0.039409', u'3466']","[u'0.035896', u'0.26', u'0.0074167', u'5812', u'7.5931']","[u'0.15729', u'640', u'8.0828', u'0.032384', u'7162.7']","[u'4.1215', u'778.55', u'8.1305', u'0.041977', u'6844.2']",6128456622407680
26,159,"[u'4.5117', u'1660', u'-12.858', u'0.34464', u'4910.9']","[u'0.064875', u'0.93', u'-0.00525', u'14388', u'9.7846']","[u'5.9025', u'430', u'-14.622', u'0.47314', u'9770.3']","[u'4.6284', u'1044.4', u'-14.618', u'0.47728', u'9118.4']",6145043786104832
27,151,"[u'0.40995', u'4995', u'-2.884', u'0.057938', u'1728.9']","[u'0.033991', u'0.61', u'0.0014167', u'2479', u'8.5641']","[u'0.37267', u'860', u'2.4344', u'0.05', u'4428.5']","[u'7.4936', u'1181', u'2.4358', u'0.056677', u'4292.8']",6148488349876224
27,112,"[u'1.1791', u'1890', u'-8.4353', u'0.1028', u'5280.7']","[u'0.027914', u'0.87', u'-0.0063333', u'22050', u'0.87636']","[u'0.84913', u'1680', u'8.9412', u'0.11102', u'10307']","[u'1.1868', u'3648.7', u'8.9214', u'0.1145', u'9700.1']",6164671786647552
26,134,"[u'4.8265', u'1400', u'-11.973', u'0.38128', u'3939.8']","[u'0.06737', u'0.93', u'-0.0083333', u'11290', u'5.567']","[u'5.5417', u'520', u'-9.2055', u'0.49142', u'9220.7']","[u'6.9713', u'1490.9', u'-9.2055', u'0.49679', u'8663.6']",6168709055905792
27,146,"[u'0.10655', u'6860', u'-71.174', u'0.0081665', u'8420.4']","[u'0.010862', u'0.56', u'-0.00875', u'376', u'27.519']","[u'0.089667', u'5030', u'1.3984', u'0.014659', u'1126.9']","[u'2.7221', u'7941.2', u'1.452', u'0.016208', u'1106']",6182598980141056
26,138,"[u'0.62542', u'5260', u'-6.2332', u'0.074576', u'2371']","[u'0.029955', u'0.76', u'-0.01', u'3683', u'44.888']","[u'0.80554', u'1760', u'-17.024', u'0.067436', u'5632.1']","[u'0.98853', u'8658.8', u'-16.997', u'0.068381', u'5429.2']",6187589732139008
26,228,"[u'3.3593', u'4920', u'-1.6355', u'0.54087', u'114.18']","[u'0.038753', u'0.96', u'-0.0070833', u'170', u'11.095']","[u'3.0034', u'1120', u'-0.78095', u'0.48751', u'596.17']","[u'5.8349', u'4115.3', u'-0.80112', u'0.49377', u'585.74']",6200783871672320
27,236,"[u'1.9006', u'4250', u'-2.7686', u'0.22662', u'669.93']","[u'0.052902', u'0.87', u'-0.0083333', u'934', u'2.9879']","[u'1.3253', u'780', u'8.8664', u'0.21226', u'2255.3']","[u'7.1133', u'2585.6', u'8.8931', u'0.21393', u'2204.4']",6208987259207680
26,9,"[u'0.39207', u'9810', u'-2.7904', u'0.051139', u'912.48']","[u'0.015896', u'0.78', u'-0.0083333', u'1294', u'76.444']","[u'0.44975', u'3210', u'-17.764', u'0.038869', u'2854']","[u'7.6541', u'9982.8', u'-17.751', u'0.040628', u'2783.7']",6212526312259584
27,202,"[u'4.2144', u'3135', u'-6.9386', u'0.47223', u'863.46']","[u'0.062971', u'0.93', u'-0.0115', u'1210', u'31.869']","[u'5.3182', u'800', u'-15.858', u'0.45949', u'2720.9']","[u'4.5903', u'9029.6', u'-15.858', u'0.45936', u'2655.2']",6217448344780800
26,224,"[u'2.4078', u'520', u'-9.8192', u'0.21394', u'4897.6']","[u'0.0739', u'0.85', u'-0.011333', u'22050', u'19.608']","[u'3.348', u'600', u'-17.326', u'0.25876', u'10307']","[u'2.2872', u'7802', u'-17.317', u'0.25875', u'10849']",6221485614039040
26,7,"[u'4.9067', u'2830', u'-14.071', u'0.35541', u'4138.6']","[u'0.038753', u'0.96', u'-0.0055', u'14601', u'8.0568']","[u'6.0635', u'950', u'-15.549', u'0.48706', u'9798.6']","[u'1.3167', u'9835.9', u'-15.569', u'0.4941', u'9141']",6228855777918976
26,230,"[u'0.57387', u'6690', u'-7.6584', u'0.059557', u'2851']","[u'0.018798', u'0.8', u'-0.00875', u'4712', u'37.858']","[u'0.61333', u'3090', u'-17.524', u'0.049532', u'6449.4']","[u'4.4636', u'9326.6', u'-17.582', u'0.051872', u'6189.6']",6234009738674176
27,11,"[u'4.7868', u'1580', u'-7.5612', u'0.47981', u'1771.5']","[u'0.086916', u'0.91', u'-0.0085', u'2682', u'1.5289']","[u'3.4925', u'300', u'8.3564', u'0.49567', u'4654.3']","[u'7.5412', u'1162.6', u'8.3512', u'0.49852', u'4507.3']",6245442941616128
26,249,"[u'0.73026', u'6310', u'-4.241', u'0.09043', u'1184.7']","[u'0.027914', u'0.81', u'-0.0018333', u'1662', u'55.732']","[u'0.91504', u'1160', u'-16.916', u'0.077665', u'3398.2']","[u'6.7646', u'2179.8', u'-16.937', u'0.083078', u'3307.2']",6250596902371328
27,241,"[u'0.64207', u'4585', u'-9.2146', u'0.059675', u'5431.5']","[u'0.019977', u'0.81', u'-0.00775', u'14166', u'2.5757']","[u'0.49588', u'2730', u'2.1369', u'0.05569', u'9739.7']","[u'0.65342', u'5959', u'2.1419', u'0.057876', u'9093.8']",6254041466142720
27,3,"[u'0.062494', u'1860', u'-39.979', u'0.014445', u'7551.5']","[u'0.010862', u'0.14', u'0.00125', u'22050', u'8.8585']","[u'0.036083', u'2960', u'8.223', u'0.0089938', u'10307']","[u'1.9956', u'1700.3', u'8.3329', u'0.015479', u'10609']",6261875486490624
26,229,"[u'3.8859', u'695', u'-10.823', u'0.29827', u'6063.4']","[u'0.058798', u'0.92', u'-0.0075', u'22050', u'0.91621']","[u'3.0159', u'630', u'6.1023', u'0.37663', u'10307']","[u'6.8299', u'2554.2', u'6.1034', u'0.37999', u'9984.9']",6266617130385408
27,237,"[u'2.2914', u'4215', u'-13.941', u'0.1654', u'4029.9']","[u'0.015896', u'0.96', u'-0.0070833', u'22050', u'8.7133']","[u'2.5503', u'2770', u'-16.727', u'0.2005', u'10307']","[u'1.4846', u'8195', u'-16.716', u'0.20311', u'9726.1']",6275645151641600
27,248,"[u'3.4824', u'470', u'-10.413', u'0.26789', u'5993']","[u'0.080975', u'0.86', u'-0.00775', u'22050', u'3.9449']","[u'3.0938', u'350', u'-3.7556', u'0.3024', u'10307']","[u'7.1024', u'1041.9', u'-3.7567', u'0.30466', u'10605']",6282895056437248
26,10,"[u'0.13754', u'4500', u'-41.03', u'0.01858', u'6863.4']","[u'0.010862', u'0.53', u'-0.0080833', u'22050', u'2.6175']","[u'0.089667', u'4740', u'7.8824', u'0.013707', u'10307']","[u'3.3499', u'9929.9', u'7.938', u'0.015608', u'10884']",6285781274460160
26,2,"[u'2.018', u'485', u'6.7353', u'0.46898', u'38.491']","[u'0.076893', u'0.91', u'-0.011333', u'57', u'232.59']","[u'4.1622', u'550', u'-18.651', u'0.43956', u'240.52']","[u'7.0969', u'7107.2', u'-18.655', u'0.44076', u'236.58']",6289225838231552
27,225,"[u'0.63339', u'5255', u'-3.2585', u'0.084169', u'1290.4']","[u'0.034989', u'0.74', u'-0.01', u'1801', u'9.7147']","[u'0.60779', u'1640', u'-0.20153', u'0.073163', u'3589.2']","[u'6.6634', u'9874.2', u'-0.21462', u'0.074147', u'3490.9']",6294534417809408
26,246,"[u'1.6912', u'4275', u'-5.5156', u'0.20446', u'1114']","[u'0.047914', u'0.87', u'-0.0035', u'1570', u'63.017']","[u'2.4225', u'670', u'-19.836', u'0.1921', u'3267.6']","[u'6.1645', u'1357', u'-19.825', u'0.19658', u'3181.7']",6299224522096640
27,238,"[u'4.32', u'2795', u'-4.2895', u'0.51483', u'573.65']","[u'0.076893', u'0.92', u'-0.0088333', u'771', u'6.6107']","[u'3.795', u'440', u'0.39739', u'0.49141', u'1956.5']","[u'2.7933', u'1904.5', u'0.39312', u'0.49398', u'1915.2']",6313982029725696
27,250,"[u'4.5068', u'3425', u'-12.441', u'0.34644', u'4062.5']","[u'0.026916', u'0.97', u'-0.0063333', u'13309', u'0.5941']","[u'3.354', u'1550', u'5.938', u'0.45225', u'9610.3']","[u'5.3121', u'8537.2', u'5.9427', u'0.45403', u'8988.6']",6315811685793792
26,109,"[u'0.89932', u'1495', u'7.7587', u'0.19569', u'59.128']","[u'0.056757', u'0.82', u'-0.00875', u'94', u'24.359']","[u'0.96267', u'720', u'2.3887', u'0.16794', u'365.73']","[u'7.701', u'2558.6', u'2.3861', u'0.16968', u'360.07']",6336985874563072
27,117,"[u'5.4985', u'2410', u'-11.425', u'0.39965', u'4007.4']","[u'0.046916', u'0.95', u'-0.01', u'8898', u'0.78742']","[u'3.589', u'1080', u'6.8319', u'0.47635', u'8551.7']","[u'0.78547', u'5889.8', u'6.8404', u'0.47719', u'8087.1']",6346013895819264
27,128,"[u'0.37229', u'4475', u'-42.102', u'0.033683', u'6726']","[u'0.012948', u'0.78', u'-0.006', u'22050', u'3.6175']","[u'0.29367', u'3300', u'-0.52202', u'0.031551', u'10307']","[u'7.7615', u'7359.9', u'-0.47174', u'0.034434', u'9596.2']",6353263800614912
27,105,"[u'1.115', u'2840', u'-10.738', u'0.094229', u'5057.6']","[u'0.022971', u'0.88', u'-0.0035', u'22050', u'9.4895']","[u'1.19', u'1710', u'-12.187', u'0.099048', u'10307']","[u'7.6229', u'2818.9', u'-12.184', u'0.10354', u'10986']",6364903161987072
26,126,"[u'0.92726', u'1335', u'-5.0144', u'0.12753', u'3119.2']","[u'0.095941', u'0.53', u'-0.0095833', u'4820', u'59.729']","[u'1.1943', u'270', u'-15.472', u'0.12094', u'6526.1']","[u'0.51879', u'1008.2', u'-15.468', u'0.12182', u'6260.2']",6369593266274304
27,118,"[u'0.45813', u'6625', u'-7.5036', u'0.048533', u'4047.4']","[u'0.015896', u'0.8', u'-0.0085', u'7949', u'1.4358']","[u'0.31671', u'3310', u'8.9713', u'0.042393', u'8201.2']","[u'5.5732', u'9075.9', u'8.9845', u'0.044029', u'7778.3']",6384350773903360
26,130,"[u'4.265', u'525', u'-9.8044', u'0.36186', u'4152.3']","[u'0.084785', u'0.91', u'-0.0095833', u'22050', u'1.5858']","[u'4.3505', u'390', u'1.9205', u'0.4835', u'10307']","[u'1.4081', u'3335.5', u'1.9128', u'0.48465', u'10043']",6386180429971456
27,137,"[u'2.6195', u'3130', u'1.2203', u'0.47913', u'120.36']","[u'0.060975', u'0.93', u'-0.0098333', u'168', u'57.892']","[u'4.0463', u'700', u'-12.476', u'0.44444', u'590.44']","[u'7.3152', u'5029.7', u'-12.486', u'0.44478', u'580.33']",6402612974845952
28,110,"[u'0.79512', u'1280', u'-9.5275', u'0.0724', u'7450.6']","[u'0.026916', u'0.81', u'-0.00925', u'22050', u'1.6616']","[u'0.62567', u'2030', u'5.4229', u'0.075423', u'10307']","[u'2.7648', u'8773.5', u'5.4283', u'0.076569', u'10474']",6409931599118336
27,129,"[u'0.14568', u'6310', u'0.36534', u'0.029943', u'1143.2']","[u'0.021927', u'0.4', u'0.00575', u'1576', u'9.6638']","[u'0.12225', u'1180', u'7.7367', u'0.023027', u'3276.3']","[u'4.9176', u'1359.1', u'7.7469', u'0.031644', u'3189.7']",6426518762815488
26,121,"[u'3.3873', u'3450', u'-11.225', u'0.26077', u'4141.2']","[u'0.03195', u'0.95', u'0.00625', u'9701', u'0.68679']","[u'2.38', u'730', u'7.7804', u'0.32404', u'8806.9']","[u'1.1305', u'1098.4', u'7.7809', u'0.33295', u'8309.1']",6429963326586880
26,82,"[u'0.63463', u'1900', u'-4.6103', u'0.089614', u'2896.1']","[u'0.06737', u'0.52', u'-0.01125', u'4494', u'98.021']","[u'0.85938', u'720', u'-19.294', u'0.083446', u'6289.6']","[u'7.4415', u'9069.5', u'-19.294', u'0.084316', u'6041.9']",6446146763358208
27,104,"[u'3.8992', u'3720', u'-10.056', u'0.2952', u'3394.1']","[u'0.030998', u'0.96', u'-0.00875', u'11564', u'0.49194']","[u'2.7025', u'1720', u'9.1936', u'0.392', u'9281.6']","[u'1.1974', u'8120.6', u'9.1982', u'0.39232', u'8715']",6450184032616448
26,116,"[u'2.4662', u'1630', u'-0.45387', u'0.4765', u'23.755']","[u'0.024875', u'0.97', u'-0.0070833', u'56', u'8.2844']","[u'1.4652', u'2020', u'5.2246', u'0.41925', u'236.96']","[u'6.7343', u'6203.7', u'5.2499', u'0.42188', u'232.79']",6464073956851712
26,108,"[u'3.8992', u'3720', u'-13.644', u'0.29716', u'3281.2']","[u'0.030998', u'0.96', u'-0.0070833', u'8930', u'9.9908']","[u'4.9105', u'1480', u'-16.272', u'0.39201', u'8562.6']","[u'0.797', u'9281.7', u'-16.267', u'0.39335', u'8096.5']",6469064708849664
26,50,"[u'0.36986', u'3115', u'-8.1902', u'0.039668', u'5957.5']","[u'0.018798', u'0.7', u'0.0035', u'22050', u'30.313']","[u'0.40392', u'1620', u'-16.887', u'0.034365', u'10307']","[u'5.4796', u'1968', u'-16.952', u'0.042561', u'10871']",6477723362918400
26,58,"[u'4.3399', u'3850', u'-6.2766', u'0.48607', u'838.22']","[u'0.054943', u'0.94', u'-0.00425', u'1180', u'1.7299']","[u'2.8411', u'550', u'8.8231', u'0.46599', u'2672.5']","[u'5.6552', u'1201.6', u'8.826', u'0.46993', u'2608.2']",6486751384174592
26,68,"[u'4.6288', u'2810', u'-12.716', u'0.35359', u'3219.7']","[u'0.046916', u'0.94', u'-0.0020833', u'6195', u'21.669']","[u'5.3438', u'610', u'-19.924', u'0.39831', u'7379']","[u'1.4145', u'1181.5', u'-19.916', u'0.40305', u'7040.9']",6494001288970240
27,46,"[u'0.057324', u'1175', u'-40.551', u'0.01473', u'8385.5']","[u'0.010862', u'0.01', u'-0.0060833', u'22050', u'434.34']","[u'0.025583', u'4270', u'-8.0864', u'0.0080518', u'10307']","[u'0.82137', u'1944.8', u'-7.8898', u'0.010847', u'9513']",6505640650342400
27,66,"[u'3.7412', u'2430', u'-4.8281', u'0.48477', u'685.64']","[u'0.081927', u'0.91', u'-0.010833', u'926', u'65.883']","[u'5.7477', u'470', u'-19.8', u'0.46846', u'2241.1']","[u'1.6086', u'6504.6', u'-19.795', u'0.46841', u'2190.4']",6510330754629632
26,59,"[u'0.33296', u'8200', u'-58.123', u'0.030754', u'4836.7']","[u'0.012948', u'0.74', u'-0.0085', u'6364', u'3.8631']","[u'0.22842', u'4140', u'2.6764', u'0.027084', u'7469.9']","[u'0.50467', u'8948.2', u'2.7287', u'0.028749', u'7123.6']",6525088262258688
26,70,"[u'3.3116', u'2145', u'-9.5351', u'0.29138', u'3463']","[u'0.056757', u'0.91', u'-0.0013333', u'6729', u'1.0899']","[u'2.4542', u'450', u'7.7148', u'0.32404', u'7656.9']","[u'0.69904', u'769.79', u'7.7125', u'0.32967', u'7291.9']",6526917918326784
26,77,"[u'5.1133', u'2355', u'-14.558', u'0.34155', u'4162.4']","[u'0.027914', u'0.97', u'-0.003', u'22050', u'2.8097']","[u'4.94', u'1250', u'-8.176', u'0.46495', u'10307']","[u'1.0622', u'8747.8', u'-8.1942', u'0.47259', u'9864.6']",6543350463201280
26,51,"[u'3.928', u'4065', u'-5.8629', u'0.46535', u'662.22']","[u'0.051995', u'0.94', u'-0.0093333', u'914', u'2.1213']","[u'2.6315', u'860', u'8.1752', u'0.43848', u'2219.7']","[u'7.819', u'3015.9', u'8.1566', u'0.4417', u'2170.7']",6550669087473664
26,69,"[u'0.70878', u'2860', u'-0.20314', u'0.11082', u'988.98']","[u'0.069909', u'0.61', u'-0.01125', u'1334', u'4.942']","[u'0.61467', u'650', u'9.8572', u'0.10273', u'2916.2']","[u'7.9329', u'7160.4', u'9.8495', u'0.10307', u'2844']",6567256251170816
27,62,"[u'3.597', u'9275', u'-5.6586', u'0.51946', u'111.22']","[u'0.016848', u'0.98', u'-0.0085', u'201', u'3.4334']","[u'1.7944', u'3190', u'5.5413', u'0.41761', u'683.21']","[u'1.1747', u'7032.9', u'5.5312', u'0.42699', u'673.32']",6570700814942208
27,23,"[u'1.5118', u'960', u'-7.343', u'0.14377', u'4748']","[u'0.050862', u'0.84', u'-0.0063333', u'22050', u'0.94643']","[u'1.2709', u'710', u'9.3547', u'0.16757', u'10307']","[u'1.5524', u'1648.4', u'9.3589', u'0.17027', u'10538']",6586884251713536
27,45,"[u'1.7411', u'2630', u'-10.784', u'0.14489', u'4967']","[u'0.038753', u'0.88', u'-0.0105', u'17976', u'23.521']","[u'2.2691', u'1500', u'-19.884', u'0.16681', u'10129']","[u'7.3918', u'9244', u'-19.906', u'0.16874', u'9391.7']",6590921520971776
26,57,"[u'0.25955', u'8935', u'-0.11995', u'0.040781', u'771.74']","[u'0.018798', u'0.67', u'-0.0025', u'1052', u'8.7602']","[u'0.21254', u'1960', u'4.6829', u'0.031653', u'2460.1']","[u'7.9662', u'2701.3', u'4.6155', u'0.036758', u'2402.6']",6604811445207040
26,49,"[u'1.0656', u'1765', u'-7.363', u'0.10688', u'5253.4']","[u'0.052902', u'0.74', u'-0.010833', u'10860', u'1.4053']","[u'0.80279', u'1000', u'9.8472', u'0.11102', u'9119.4']","[u'0.81723', u'8193', u'9.8775', u'0.11162', u'8577.6']",6609802197204992
26,169,"[u'3.8301', u'490', u'-11.749', u'0.30038', u'5610.2']","[u'0.077846', u'0.9', u'-0.00925', u'22050', u'15.565']","[u'5.2743', u'450', u'-17.419', u'0.40159', u'10307']","[u'5.2075', u'1778.5', u'-17.404', u'0.40364', u'10324']",6618460851273728
26,177,"[u'3.9039', u'3610', u'-7.4254', u'0.43448', u'971.79']","[u'0.056757', u'0.93', u'-0.00083333', u'1356', u'19.18']","[u'4.4734', u'430', u'-11.935', u'0.41388', u'2950']","[u'7.0274', u'769.77', u'-11.938', u'0.41982', u'2875.6']",6627488872529920
26,188,"[u'1.0376', u'1270', u'-8.7516', u'0.097902', u'5223.7']","[u'0.038753', u'0.8', u'-0.0048333', u'22050', u'5.1837']","[u'1.0385', u'960', u'-4.1352', u'0.10299', u'10307']","[u'7.2209', u'1699.5', u'-4.1585', u'0.10717', u'10517']",6634738777325568
26,165,"[u'3.0771', u'2630', u'-0.66655', u'0.47498', u'304.91']","[u'0.087914', u'0.9', u'-0.0095833', u'397', u'7.2652']","[u'2.9878', u'350', u'3.5372', u'0.45411', u'1176.1']","[u'3.1025', u'1726.2', u'3.5464', u'0.45484', u'1154.2']",6646378138697728
27,186,"[u'0.2213', u'6480', u'-1.0547', u'0.037816', u'1268']","[u'0.022971', u'0.54', u'0.002', u'1778', u'11.704']","[u'0.20171', u'1320', u'2.5755', u'0.029463', u'3558.1']","[u'1.3886', u'1710.6', u'2.5801', u'0.036435', u'3461.6']",6651068242984960
26,178,"[u'0.61862', u'7120', u'-5.7403', u'0.071178', u'1922.5']","[u'0.020839', u'0.82', u'-0.0088333', u'2982', u'2.2119']","[u'0.44471', u'2620', u'8.3117', u'0.061286', u'4969.7']","[u'2.7169', u'9224.6', u'8.318', u'0.063194', u'4805']",6665825750614016
26,190,"[u'4.7158', u'1535', u'-8.5817', u'0.44703', u'2208.7']","[u'0.089955', u'0.9', u'-0.0080833', u'3479', u'2.3727']","[u'3.7744', u'270', u'3.9937', u'0.4625', u'5449.2']","[u'0.91071', u'2026.7', u'3.9832', u'0.46578', u'5257.3']",6667655406682112
27,197,"[u'4.3601', u'3775', u'-6.3911', u'0.52042', u'629.83']","[u'0.057982', u'0.94', u'-0.010833', u'877', u'32.591']","[u'5.4772', u'870', u'-15.394', u'0.49148', u'2153.1']","[u'5.8811', u'7019.2', u'-15.395', u'0.49211', u'2105.6']",6684087951556608
26,170,"[u'0.19656', u'6805', u'0.1966', u'0.035962', u'999.01']","[u'0.022971', u'0.51', u'0.0035', u'1382', u'12.585']","[u'0.17854', u'1240', u'3.6448', u'0.028033', u'2989.7']","[u'6.3962', u'1541.5', u'3.6495', u'0.035771', u'2914.2']",6691406575828992
26,189,"[u'2.0708', u'3610', u'-9.9728', u'0.15124', u'4752.3']","[u'0.017846', u'0.95', u'-0.0060833', u'22050', u'0.46425']","[u'1.2608', u'2490', u'9.7782', u'0.18043', u'10307']","[u'2.0159', u'7899.6', u'9.7822', u'0.18411', u'9733.6']",6707993739526144
27,181,"[u'1.2903', u'2115', u'-10.724', u'0.10921', u'5244.3']","[u'0.028957', u'0.88', u'-0.01', u'22050', u'6.34']","[u'1.404', u'2100', u'-8.6668', u'0.1247', u'10307']","[u'7.9225', u'8459', u'-8.6806', u'0.12595', u'9805']",6711438303297536
26,142,"[u'4.2807', u'725', u'-10.749', u'0.35411', u'4611.6']","[u'0.097438', u'0.89', u'-0.0115', u'14678', u'6.6646']","[u'5.2177', u'310', u'-9.1056', u'0.45863', u'9808.6']","[u'7.8933', u'8018.7', u'-9.1006', u'0.46112', u'9148.9']",6727621740068864
27,164,"[u'0.89748', u'3015', u'-10.504', u'0.077469', u'5899.7']","[u'0.022971', u'0.85', u'-0.003', u'22050', u'16.027']","[u'1.0084', u'1700', u'-15.569', u'0.080077', u'10307']","[u'6.076', u'2914.3', u'-15.565', u'0.084672', u'10818']",6731659009327104
26,176,"[u'2.2757', u'2855', u'-3.1957', u'0.30002', u'766.35']","[u'0.071859', u'0.87', u'-0.011083', u'1044', u'3.3078']","[u'1.9182', u'580', u'7.5179', u'0.28839', u'2446.5']","[u'1.1741', u'8655.3', u'7.5288', u'0.28868', u'2389.6']",6745548933562368
27,168,"[u'0.65971', u'7745', u'-3.1911', u'0.080641', u'997.07']","[u'0.023832', u'0.81', u'-0.0080833', u'1414', u'3.2674']","[u'0.44654', u'2020', u'8.4302', u'0.066102', u'3038.1']","[u'1.2906', u'6496.6', u'8.3931', u'0.068797', u'2961.6']",6750539685560320
